BUYER_STATE,BUYER_COUNTY,YEAR,MME
AZ,APACHE,2006,4956968.6893125
AZ,APACHE,2007,5611683.7840875
AZ,APACHE,2008,5853243.8193125
AZ,APACHE,2009,7344331.7925
AZ,APACHE,2010,7732743.45
AZ,APACHE,2011,7855510.95
AZ,APACHE,2012,8448550.207725
AZ,APACHE,2013,9726017.550225
AZ,APACHE,2014,10752586.170225
AZ,COCHISE,2006,36249596.37495
AZ,COCHISE,2007,43407991.0758
AZ,COCHISE,2008,51387538.7199375
AZ,COCHISE,2009,57900578.6980875
AZ,COCHISE,2010,65485620.293775
AZ,COCHISE,2011,68738490.2799
AZ,COCHISE,2012,67010466.60795
AZ,COCHISE,2013,67230743.152575
AZ,COCHISE,2014,66387520.5624
AZ,COCONINO,2006,24139042.931362502
AZ,COCONINO,2007,28000955.807725
AZ,COCONINO,2008,33009961.254125
AZ,COCONINO,2009,32485513.5834
AZ,COCONINO,2010,32124157.7002125
AZ,COCONINO,2011,35299934.5452
AZ,COCONINO,2012,38684080.666725
AZ,COCONINO,2013,38150825.911725
AZ,COCONINO,2014,42496644.7299
AZ,GILA,2006,27926225.59835
AZ,GILA,2007,29464154.4288875
AZ,GILA,2008,28275622.221612502
AZ,GILA,2009,31793100.66195
AZ,GILA,2010,37909465.15065
AZ,GILA,2011,44194370.484975
AZ,GILA,2012,52870739.7997125
AZ,GILA,2013,52120698.25335
AZ,GILA,2014,54584862.3233625
AZ,GRAHAM,2006,17926884.489125
AZ,GRAHAM,2007,27183827.5514
AZ,GRAHAM,2008,35978087.9888625
AZ,GRAHAM,2009,40805562.7125
AZ,GRAHAM,2010,41436659.175
AZ,GRAHAM,2011,45144496.410225
AZ,GRAHAM,2012,45704127.360225
AZ,GRAHAM,2013,39075426.3806625
AZ,GRAHAM,2014,31977803.535225
AZ,GREENLEE,2006,604813.875
AZ,GREENLEE,2007,885840.1875
AZ,GREENLEE,2008,1462275.7125
AZ,GREENLEE,2009,1335033.7920000001
AZ,GREENLEE,2010,1806066.825
AZ,GREENLEE,2011,1563218.625
AZ,GREENLEE,2012,1478646.7875
AZ,GREENLEE,2013,1719970.3125
AZ,GREENLEE,2014,1702671.1125
AZ,LA PAZ,2006,6574601.020500001
AZ,LA PAZ,2007,6792135.495
AZ,LA PAZ,2008,7148771.6955
AZ,LA PAZ,2009,7063366.1625
AZ,LA PAZ,2010,7904572.726125
AZ,LA PAZ,2011,8556663.4999875
AZ,LA PAZ,2012,9502669.5043125
AZ,LA PAZ,2013,9517609.62
AZ,LA PAZ,2014,11413032.855
AZ,MARICOPA,2006,1025699797.2850375
AZ,MARICOPA,2007,1201326197.022075
AZ,MARICOPA,2008,1380488248.948425
AZ,MARICOPA,2009,1629777931.2170625
AZ,MARICOPA,2010,1784577100.201575
AZ,MARICOPA,2011,1989036715.2093
AZ,MARICOPA,2012,2096280142.9267876
AZ,MARICOPA,2013,2049540286.153725
AZ,MARICOPA,2014,2114214074.4040124
AZ,MOHAVE,2006,86907833.21935
AZ,MOHAVE,2007,107756985.0552125
AZ,MOHAVE,2008,129104758.2622875
AZ,MOHAVE,2009,140256831.3987
AZ,MOHAVE,2010,149743634.03325
AZ,MOHAVE,2011,174326073.0376125
AZ,MOHAVE,2012,190143758.442075
AZ,MOHAVE,2013,184079185.813275
AZ,MOHAVE,2014,185289672.0512625
AZ,NAVAJO,2006,22462061.395037502
AZ,NAVAJO,2007,26295310.266025
AZ,NAVAJO,2008,29720362.620837502
AZ,NAVAJO,2009,32246978.6172375
AZ,NAVAJO,2010,32063725.4911125
AZ,NAVAJO,2011,36212987.6158875
AZ,NAVAJO,2012,40969740.5014875
AZ,NAVAJO,2013,46001419.6158375
AZ,NAVAJO,2014,49893247.3535625
AZ,PIMA,2006,423408970.3601375
AZ,PIMA,2007,487865064.144
AZ,PIMA,2008,551950812.921975
AZ,PIMA,2009,599141920.0165125
AZ,PIMA,2010,629763958.2411
AZ,PIMA,2011,723483049.206225
AZ,PIMA,2012,785873316.23355
AZ,PIMA,2013,637355161.4844375
AZ,PIMA,2014,585927326.5008
AZ,PINAL,2006,70967163.0568375
AZ,PINAL,2007,81812755.62460001
AZ,PINAL,2008,85899390.2579875
AZ,PINAL,2009,90957004.5106125
AZ,PINAL,2010,107829062.1315375
AZ,PINAL,2011,134011183.3751625
AZ,PINAL,2012,138992054.8089375
AZ,PINAL,2013,143488904.4598125
AZ,PINAL,2014,160531604.90373752
AZ,SANTA CRUZ,2006,5018852.5875
AZ,SANTA CRUZ,2007,4826517.066
AZ,SANTA CRUZ,2008,5268527.0715
AZ,SANTA CRUZ,2009,5260041.4540875
AZ,SANTA CRUZ,2010,5680984.66545
AZ,SANTA CRUZ,2011,5879814.585
AZ,SANTA CRUZ,2012,8705488.2975
AZ,SANTA CRUZ,2013,11228715.382725
AZ,SANTA CRUZ,2014,8931089.6775
AZ,YAVAPAI,2006,71430087.851725
AZ,YAVAPAI,2007,80612080.0231125
AZ,YAVAPAI,2008,84208443.1367625
AZ,YAVAPAI,2009,94923632.5864125
AZ,YAVAPAI,2010,110148523.001175
AZ,YAVAPAI,2011,129925260.2719125
AZ,YAVAPAI,2012,136628833.8244875
AZ,YAVAPAI,2013,128540935.1328
AZ,YAVAPAI,2014,128554520.784675
AZ,YUMA,2006,25894650.6193125
AZ,YUMA,2007,29081098.18525
AZ,YUMA,2008,32244451.655125
AZ,YUMA,2009,36826472.2858875
AZ,YUMA,2010,38884534.6602
AZ,YUMA,2011,48785148.2906625
AZ,YUMA,2012,57155121.22065
AZ,YUMA,2013,59672704.487025
AZ,YUMA,2014,59543259.6215625
CO,ADAMS,2006,68317538.37325001
CO,ADAMS,2007,78826994.53655
CO,ADAMS,2008,94424885.79365
CO,ADAMS,2009,110355414.7600875
CO,ADAMS,2010,132304866.2824875
CO,ADAMS,2011,157909630.9827
CO,ADAMS,2012,161238256.2945
CO,ADAMS,2013,134536857.6406125
CO,ADAMS,2014,143377879.7415375
CO,ALAMOSA,2006,8719603.0342125
CO,ALAMOSA,2007,9797738.8254125
CO,ALAMOSA,2008,11334126.5692875
CO,ALAMOSA,2009,12497932.92795
CO,ALAMOSA,2010,12969627.2438625
CO,ALAMOSA,2011,15352656.0038625
CO,ALAMOSA,2012,19640869.9922625
CO,ALAMOSA,2013,17428734.7615875
CO,ALAMOSA,2014,13959530.73
CO,ARAPAHOE,2006,98137630.03022501
CO,ARAPAHOE,2007,115353040.9786875
CO,ARAPAHOE,2008,132501924.8362125
CO,ARAPAHOE,2009,148310064.19863752
CO,ARAPAHOE,2010,158171006.793525
CO,ARAPAHOE,2011,179476995.661275
CO,ARAPAHOE,2012,185758514.187525
CO,ARAPAHOE,2013,177766587.43545
CO,ARAPAHOE,2014,182808594.7403625
CO,ARCHULETA,2006,1220143.6255
CO,ARCHULETA,2007,1334702.5258625
CO,ARCHULETA,2008,1365198.8625
CO,ARCHULETA,2009,1651373.595225
CO,ARCHULETA,2010,1754793.682725
CO,ARCHULETA,2011,1833741.532725
CO,ARCHULETA,2012,2240331.975
CO,ARCHULETA,2013,2540229.3452250003
CO,ARCHULETA,2014,2982927.232725
CO,BACA,2006,632332.875
CO,BACA,2007,789759.3
CO,BACA,2008,737702.7
CO,BACA,2009,718759.9875
CO,BACA,2010,895476.4125
CO,BACA,2011,1089965.1375
CO,BACA,2012,621692.0625
CO,BACA,2013,631201.3125
CO,BACA,2014,747813.2625
CO,BENT,2006,734574.3375
CO,BENT,2007,897549.975
CO,BENT,2008,1017068.2875
CO,BENT,2009,1034000.7000000001
CO,BENT,2010,1340479.012725
CO,BENT,2011,1820751.8002125
CO,BENT,2012,2169855.45
CO,BENT,2013,1677012.8443125
CO,BENT,2014,1372976.85
CO,BOULDER,2006,66507129.339125
CO,BOULDER,2007,78314179.377075
CO,BOULDER,2008,92915605.3248
CO,BOULDER,2009,101324685.9670125
CO,BOULDER,2010,118077240.8294625
CO,BOULDER,2011,123953195.7402
CO,BOULDER,2012,120980601.7599375
CO,BOULDER,2013,109586210.0695125
CO,BOULDER,2014,94184435.6097375
CO,BROOMFIELD,2006,10435296.5128625
CO,BROOMFIELD,2007,13576238.4545
CO,BROOMFIELD,2008,14928396.103500001
CO,BROOMFIELD,2009,17694667.1829375
CO,BROOMFIELD,2010,22853330.041575
CO,BROOMFIELD,2011,31757599.1302125
CO,BROOMFIELD,2012,35953537.2952125
CO,BROOMFIELD,2013,33995651.438175
CO,BROOMFIELD,2014,31351839.997725
CO,CHAFFEE,2006,6401707.879725
CO,CHAFFEE,2007,6499759.5438375
CO,CHAFFEE,2008,7384249.5504375
CO,CHAFFEE,2009,6578619.4538625
CO,CHAFFEE,2010,7220916.0563625
CO,CHAFFEE,2011,8507843.5172625
CO,CHAFFEE,2012,9042058.815675
CO,CHAFFEE,2013,8728280.910225
CO,CHAFFEE,2014,8546682.1913625
CO,CHEYENNE,2006,180113.1825
CO,CHEYENNE,2007,205248.165
CO,CHEYENNE,2008,237346.05
CO,CHEYENNE,2009,293946.0375
CO,CHEYENNE,2010,579772.05
CO,CHEYENNE,2011,458579.7375
CO,CHEYENNE,2012,358240.215
CO,CHEYENNE,2013,555016.3125
CO,CHEYENNE,2014,755278.86
CO,CLEAR CREEK,2006,1399819.3725
CO,CLEAR CREEK,2007,1978692.75
CO,CLEAR CREEK,2008,2121375.9375
CO,CLEAR CREEK,2009,2732514.3
CO,CLEAR CREEK,2010,3596029.575
CO,CLEAR CREEK,2011,3535031.1525
CO,CLEAR CREEK,2012,1978805.7265875
CO,CLEAR CREEK,2013,1809330.4163625
CO,CLEAR CREEK,2014,1665874.0125
CO,CONEJOS,2006,1989075.6585
CO,CONEJOS,2007,2044613.49
CO,CONEJOS,2008,1992669.2625
CO,CONEJOS,2009,1922740.875
CO,CONEJOS,2010,2242875.1125
CO,CONEJOS,2011,2799783.825
CO,CONEJOS,2012,3784381.545
CO,CONEJOS,2013,3826574.8538625
CO,CONEJOS,2014,2362587.1125
CO,CROWLEY,2006,1468559.0625
CO,CROWLEY,2007,1617643.5375
CO,CROWLEY,2008,1386728.0250000001
CO,CROWLEY,2009,1451359.2788625
CO,CROWLEY,2010,1745279.1490875
CO,CROWLEY,2011,1527021.9375
CO,CROWLEY,2012,1712181.6788625
CO,CROWLEY,2013,1711031.6288625
CO,CROWLEY,2014,1519702.35
CO,CUSTER,2006,2724.3
CO,CUSTER,2007,3027.000000000001
CO,CUSTER,2009,605.4000000000002
CO,CUSTER,2010,1513.5000000000005
CO,CUSTER,2011,3027.000000000001
CO,CUSTER,2012,3329.700000000001
CO,CUSTER,2013,5751.3
CO,CUSTER,2014,4017.9
CO,DELTA,2006,9609696.8843625
CO,DELTA,2007,11952752.161725
CO,DELTA,2008,14316606.1115625
CO,DELTA,2009,13743908.3538375
CO,DELTA,2010,12785137.641787501
CO,DELTA,2011,12851927.562
CO,DELTA,2012,13181766.7280625
CO,DELTA,2013,11709473.863575
CO,DELTA,2014,12065353.1706375
CO,DENVER,2006,66211912.6907
CO,DENVER,2007,81013318.686025
CO,DENVER,2008,92224928.2324875
CO,DENVER,2009,107623707.79725
CO,DENVER,2010,124435421.2506375
CO,DENVER,2011,143145748.2329625
CO,DENVER,2012,147776329.7344125
CO,DENVER,2013,130239207.044475
CO,DENVER,2014,122185813.3863
CO,DOUGLAS,2006,40508046.7413
CO,DOUGLAS,2007,47781101.6017625
CO,DOUGLAS,2008,52718079.335125
CO,DOUGLAS,2009,58941525.6718125
CO,DOUGLAS,2010,65110166.138175
CO,DOUGLAS,2011,68699997.218175
CO,DOUGLAS,2012,74538935.334975
CO,DOUGLAS,2013,63589270.86135
CO,DOUGLAS,2014,58131913.5199875
CO,EAGLE,2006,7857513.2287625
CO,EAGLE,2007,9524435.9943
CO,EAGLE,2008,10304228.8868
CO,EAGLE,2009,11433816.675900001
CO,EAGLE,2010,12821403.394762501
CO,EAGLE,2011,12597014.534475
CO,EAGLE,2012,13513232.796600001
CO,EAGLE,2013,12251476.9253625
CO,EAGLE,2014,12602190.7322625
CO,EL PASO,2006,118715227.5324375
CO,EL PASO,2007,139455815.7657625
CO,EL PASO,2008,158121773.19615
CO,EL PASO,2009,168834586.317825
CO,EL PASO,2010,186433933.1503125
CO,EL PASO,2011,210689689.3448625
CO,EL PASO,2012,234048030.5800125
CO,EL PASO,2013,225568314.713175
CO,EL PASO,2014,228911520.3822
CO,ELBERT,2006,1582977.1485000001
CO,ELBERT,2007,2193572.6222625
CO,ELBERT,2008,2350097.9299875
CO,ELBERT,2009,2918008.8038625
CO,ELBERT,2010,3779767.4025
CO,ELBERT,2011,4066915.6275
CO,ELBERT,2012,4150425.0788625
CO,ELBERT,2013,3764427.6413625
CO,ELBERT,2014,4538609.557725
CO,FREMONT,2006,12527910.30285
CO,FREMONT,2007,13591350.8202
CO,FREMONT,2008,16916519.0055
CO,FREMONT,2009,19451687.2463625
CO,FREMONT,2010,20208017.6663625
CO,FREMONT,2011,22785407.6625
CO,FREMONT,2012,23127476.8540875
CO,FREMONT,2013,20490133.417725
CO,FREMONT,2014,18236105.88
CO,GARFIELD,2006,13821751.28695
CO,GARFIELD,2007,17354604.1913625
CO,GARFIELD,2008,18040665.427500002
CO,GARFIELD,2009,16752084.0205875
CO,GARFIELD,2010,16731608.856675
CO,GARFIELD,2011,16652455.3090875
CO,GARFIELD,2012,16442977.3783875
CO,GARFIELD,2013,14729762.769075
CO,GARFIELD,2014,14473310.625675
CO,GILPIN,2006,232015.7805
CO,GILPIN,2007,259032.90899999999
CO,GILPIN,2008,184256.133
CO,GILPIN,2009,404747.7375
CO,GILPIN,2010,777139.0875
CO,GILPIN,2011,1732181.4375
CO,GILPIN,2012,1468759.5
CO,GILPIN,2013,428566.5
CO,GILPIN,2014,138514.5
CO,GRAND,2006,2473202.8155
CO,GRAND,2007,2579897.16
CO,GRAND,2008,3526059.015225
CO,GRAND,2009,2906008.4513625
CO,GRAND,2010,2892605.4943125
CO,GRAND,2011,2898584.0663625
CO,GRAND,2012,3242150.8913625
CO,GRAND,2013,3027344.2875
CO,GRAND,2014,2390831.145225
CO,GUNNISON,2006,2294279.895
CO,GUNNISON,2007,2187771.9
CO,GUNNISON,2008,2259625.7325
CO,GUNNISON,2009,2697768.105
CO,GUNNISON,2010,2988803.13375
CO,GUNNISON,2011,2717996.6175
CO,GUNNISON,2012,3095275.3024875
CO,GUNNISON,2013,2886797.14215
CO,GUNNISON,2014,2637285.9797625
CO,HINSDALE,2006,1362.1500000000003
CO,HINSDALE,2007,2058.36
CO,HINSDALE,2008,4631.31
CO,HINSDALE,2009,5448.6
CO,HINSDALE,2010,3935.1
CO,HINSDALE,2011,4086.45
CO,HINSDALE,2012,2118.9000000000005
CO,HINSDALE,2013,2724.3000000000006
CO,HINSDALE,2014,3027.0
CO,HUERFANO,2006,1885259.6625
CO,HUERFANO,2007,1633424.475
CO,HUERFANO,2008,1889405.325
CO,HUERFANO,2009,2145665.5875
CO,HUERFANO,2010,2840699.475
CO,HUERFANO,2011,3871799.5125
CO,HUERFANO,2012,3947515.4154375
CO,HUERFANO,2013,3734632.29045
CO,HUERFANO,2014,2984688.6075
CO,JEFFERSON,2006,152564455.811
CO,JEFFERSON,2007,181570923.299875
CO,JEFFERSON,2008,196346101.7616625
CO,JEFFERSON,2009,205594691.4456375
CO,JEFFERSON,2010,216351551.86046252
CO,JEFFERSON,2011,242243847.9871875
CO,JEFFERSON,2012,260654507.62515
CO,JEFFERSON,2013,235986574.4206875
CO,JEFFERSON,2014,228897580.5070875
CO,KIOWA,2006,271720.2
CO,KIOWA,2007,399367.0875
CO,KIOWA,2008,453852.1125
CO,KIOWA,2009,488587.7625
CO,KIOWA,2010,541899.9413625001
CO,KIOWA,2011,540486.0375
CO,KIOWA,2012,456695.7788625
CO,KIOWA,2013,569865.675
CO,KIOWA,2014,645526.575
CO,KIT CARSON,2006,481088.85
CO,KIT CARSON,2007,690283.875
CO,KIT CARSON,2008,785718.1125
CO,KIT CARSON,2009,779956.9500000001
CO,KIT CARSON,2010,785023.2000000001
CO,KIT CARSON,2011,746392.3125
CO,KIT CARSON,2012,826246.3500000001
CO,KIT CARSON,2013,834362.1375
CO,KIT CARSON,2014,923378.2875
CO,LA PLATA,2006,9436251.661225
CO,LA PLATA,2007,9912294.214725
CO,LA PLATA,2008,9302991.9615
CO,LA PLATA,2009,9370108.0765875
CO,LA PLATA,2010,9337792.432725
CO,LA PLATA,2011,10373824.17
CO,LA PLATA,2012,11777472.17295
CO,LA PLATA,2013,10661347.9275
CO,LA PLATA,2014,10826550.9825
CO,LAKE,2006,1886342.7375
CO,LAKE,2007,2370075.1875
CO,LAKE,2008,2133324.0
CO,LAKE,2009,1677642.35295
CO,LAKE,2010,2052571.6875
CO,LAKE,2011,3024010.725
CO,LAKE,2012,2937691.3125
CO,LAKE,2013,2281876.8375
CO,LAKE,2014,1975894.35
CO,LARIMER,2006,76001327.9945375
CO,LARIMER,2007,88940407.3709
CO,LARIMER,2008,97421287.491125
CO,LARIMER,2009,104590401.8820375
CO,LARIMER,2010,114933293.6602125
CO,LARIMER,2011,128889902.6838375
CO,LARIMER,2012,136178672.6706
CO,LARIMER,2013,126703408.5745125
CO,LARIMER,2014,128999865.94815
CO,LAS ANIMAS,2006,7161106.270500001
CO,LAS ANIMAS,2007,5846686.7063625
CO,LAS ANIMAS,2008,6730681.8353625005
CO,LAS ANIMAS,2009,6919265.0625
CO,LAS ANIMAS,2010,7821970.7625
CO,LAS ANIMAS,2011,7698132.3975
CO,LAS ANIMAS,2012,9133185.93
CO,LAS ANIMAS,2013,10490910.675
CO,LAS ANIMAS,2014,11913854.9475
CO,LINCOLN,2006,938117.7390000001
CO,LINCOLN,2007,1063105.4288625
CO,LINCOLN,2008,1518926.55
CO,LINCOLN,2009,1714226.85
CO,LINCOLN,2010,2083185.4125
CO,LINCOLN,2011,2006162.7
CO,LINCOLN,2012,2477860.35
CO,LINCOLN,2013,2688320.925
CO,LINCOLN,2014,2313779.85
CO,LOGAN,2006,4545182.86545
CO,LOGAN,2007,5039482.9960875
CO,LOGAN,2008,4613301.5989875
CO,LOGAN,2009,5514915.9811125
CO,LOGAN,2010,5227658.5224750005
CO,LOGAN,2011,5433184.4738625
CO,LOGAN,2012,6637652.6625
CO,LOGAN,2013,6568367.0663625
CO,LOGAN,2014,7178409.3193125
CO,MESA,2006,32666250.5747375
CO,MESA,2007,38057727.6591125
CO,MESA,2008,40867275.5926875
CO,MESA,2009,42238176.7576875
CO,MESA,2010,41908248.3645375
CO,MESA,2011,45854633.6238375
CO,MESA,2012,49608615.4749375
CO,MESA,2013,45381256.6647
CO,MESA,2014,44077810.899975
CO,MINERAL,2010,302.7000000000001
CO,MOFFAT,2006,2807745.4463625
CO,MOFFAT,2007,3411410.1113625
CO,MOFFAT,2008,3629988.915
CO,MOFFAT,2009,4778606.175
CO,MOFFAT,2010,5530714.32
CO,MOFFAT,2011,6563460.2888625
CO,MOFFAT,2012,6780343.987725
CO,MOFFAT,2013,5509598.5615875
CO,MOFFAT,2014,5733471.421125
CO,MONTEZUMA,2006,6127963.1888625
CO,MONTEZUMA,2007,7510944.914225
CO,MONTEZUMA,2008,8617352.0333625
CO,MONTEZUMA,2009,8353651.425
CO,MONTEZUMA,2010,9207241.8788625
CO,MONTEZUMA,2011,9726958.2115875
CO,MONTEZUMA,2012,10677400.5361125
CO,MONTEZUMA,2013,9800248.9256625
CO,MONTEZUMA,2014,10641838.1147625
CO,MONTROSE,2006,6990223.209725
CO,MONTROSE,2007,9745267.6783625
CO,MONTROSE,2008,9918923.581725
CO,MONTROSE,2009,10929260.7159
CO,MONTROSE,2010,10624199.298375
CO,MONTROSE,2011,11661705.72975
CO,MONTROSE,2012,12592249.491525
CO,MONTROSE,2013,12703156.0760625
CO,MONTROSE,2014,12211965.7585875
CO,MORGAN,2006,5750401.353
CO,MORGAN,2007,5793551.0595
CO,MORGAN,2008,6563594.3175
CO,MORGAN,2009,7000374.15
CO,MORGAN,2010,7117112.58045
CO,MORGAN,2011,8554655.6127
CO,MORGAN,2012,9209155.520175
CO,MORGAN,2013,8328731.6256375
CO,MORGAN,2014,8866848.5747625
CO,OTERO,2006,6983575.904625
CO,OTERO,2007,8293401.8468625005
CO,OTERO,2008,9435002.2573125
CO,OTERO,2009,10672713.461025
CO,OTERO,2010,13947927.555412501
CO,OTERO,2011,17075839.778625
CO,OTERO,2012,19869825.1501875
CO,OTERO,2013,12624247.637925
CO,OTERO,2014,11094826.2486
CO,OURAY,2006,900479.1645
CO,OURAY,2007,848413.425
CO,OURAY,2008,663907.5375
CO,OURAY,2009,722437.3125
CO,OURAY,2010,820456.98
CO,OURAY,2011,1152458.2125
CO,OURAY,2012,1232052.375
CO,OURAY,2013,1522615.6875
CO,OURAY,2014,1484781.9825
CO,PARK,2006,1207626.7875
CO,PARK,2007,1296404.925
CO,PARK,2008,1040283.4125
CO,PARK,2009,1136690.925
CO,PARK,2010,1414198.867725
CO,PARK,2011,1465833.4538625
CO,PARK,2012,1517484.0
CO,PARK,2013,1352696.325
CO,PARK,2014,856735.8713625
CO,PHILLIPS,2006,401024.4375
CO,PHILLIPS,2007,368792.7375
CO,PHILLIPS,2008,409456.65
CO,PHILLIPS,2009,520687.7625
CO,PHILLIPS,2010,502994.25
CO,PHILLIPS,2011,733906.4625
CO,PHILLIPS,2012,580223.1375000001
CO,PHILLIPS,2013,1109609.4375
CO,PHILLIPS,2014,961460.9475
CO,PITKIN,2006,1677613.5413625
CO,PITKIN,2007,1596895.9058625
CO,PITKIN,2008,1728917.3288625
CO,PITKIN,2009,1757851.32795
CO,PITKIN,2010,1474387.215
CO,PITKIN,2011,1668444.8288625
CO,PITKIN,2012,1747572.9645375
CO,PITKIN,2013,1703001.1015875
CO,PITKIN,2014,1725394.7065875
CO,PROWERS,2006,3057262.686
CO,PROWERS,2007,3084564.3675
CO,PROWERS,2008,3466978.35
CO,PROWERS,2009,4084126.9125
CO,PROWERS,2010,4935271.912500001
CO,PROWERS,2011,5752512.8625
CO,PROWERS,2012,7103141.8275
CO,PROWERS,2013,4882047.8775
CO,PROWERS,2014,4410881.475
CO,PUEBLO,2006,66467019.2794875
CO,PUEBLO,2007,80805048.1498
CO,PUEBLO,2008,98193220.9582125
CO,PUEBLO,2009,115942791.9727125
CO,PUEBLO,2010,141464937.4858875
CO,PUEBLO,2011,180468041.822925
CO,PUEBLO,2012,204180305.8907625
CO,PUEBLO,2013,146468052.5592375
CO,PUEBLO,2014,121860909.0222375
CO,RIO BLANCO,2006,1181136.3125
CO,RIO BLANCO,2007,1084359.99
CO,RIO BLANCO,2008,929757.9
CO,RIO BLANCO,2009,506792.4375
CO,RIO BLANCO,2010,1014719.5125
CO,RIO BLANCO,2011,1341376.2
CO,RIO BLANCO,2012,1731898.8788625
CO,RIO BLANCO,2013,1708910.2125000001
CO,RIO BLANCO,2014,912994.875
CO,RIO GRANDE,2006,2820837.6015
CO,RIO GRANDE,2007,1831650.9375
CO,RIO GRANDE,2008,2138535.4275
CO,RIO GRANDE,2009,2611206.1125000003
CO,RIO GRANDE,2010,2837383.65
CO,RIO GRANDE,2011,3882303.05295
CO,RIO GRANDE,2012,5832507.277725
CO,RIO GRANDE,2013,5866229.3625
CO,RIO GRANDE,2014,5458711.0275
CO,ROUTT,2006,5065260.34485
CO,ROUTT,2007,6186741.36825
CO,ROUTT,2008,6028388.0605125
CO,ROUTT,2009,6357899.2822875
CO,ROUTT,2010,6731132.66955
CO,ROUTT,2011,7035006.53055
CO,ROUTT,2012,7645572.6535875
CO,ROUTT,2013,6615896.8958625
CO,ROUTT,2014,6551939.711775
CO,SAGUACHE,2006,1816.2000000000007
CO,SAGUACHE,2007,302.7000000000001
CO,SAGUACHE,2008,302.7000000000001
CO,SAGUACHE,2009,6659.400000000001
CO,SAGUACHE,2010,2421.600000000001
CO,SAGUACHE,2011,3027.0
CO,SAGUACHE,2012,3632.4
CO,SAGUACHE,2013,9989.1
CO,SAGUACHE,2014,1210.8000000000004
CO,SAN JUAN,2006,242.16
CO,SAN MIGUEL,2006,784182.5625
CO,SAN MIGUEL,2007,752031.6375
CO,SAN MIGUEL,2008,818198.5875
CO,SAN MIGUEL,2009,603877.875
CO,SAN MIGUEL,2010,705457.395225
CO,SAN MIGUEL,2011,660350.7375
CO,SAN MIGUEL,2012,671978.3625
CO,SAN MIGUEL,2013,748705.8788625001
CO,SAN MIGUEL,2014,731614.0875
CO,SEDGWICK,2006,416481.75
CO,SEDGWICK,2007,494523.3375
CO,SEDGWICK,2008,585731.775
CO,SEDGWICK,2009,561157.9500000001
CO,SEDGWICK,2010,725725.6275000001
CO,SEDGWICK,2011,1178295.075
CO,SEDGWICK,2012,1340608.1025
CO,SEDGWICK,2013,990708.0375
CO,SEDGWICK,2014,858447.825
CO,SUMMIT,2006,5707222.9425
CO,SUMMIT,2007,6045337.486500001
CO,SUMMIT,2008,5505386.925
CO,SUMMIT,2009,5427741.5175
CO,SUMMIT,2010,5950820.9025
CO,SUMMIT,2011,7201340.8950000005
CO,SUMMIT,2012,7668269.7270375
CO,SUMMIT,2013,6685968.525225
CO,SUMMIT,2014,6431311.9463625
CO,TELLER,2006,5748345.633
CO,TELLER,2007,6522849.906
CO,TELLER,2008,8198211.202500001
CO,TELLER,2009,9800355.57
CO,TELLER,2010,10951178.61045
CO,TELLER,2011,13857529.7447625
CO,TELLER,2012,17221666.21725
CO,TELLER,2013,15589431.193387501
CO,TELLER,2014,15137762.8711125
CO,WASHINGTON,2006,302997.675
CO,WASHINGTON,2007,257757.30000000002
CO,WASHINGTON,2008,236230.545225
CO,WELD,2006,44423946.8050875
CO,WELD,2007,50585655.5080875
CO,WELD,2008,59442191.338575
CO,WELD,2009,67621558.2052125
CO,WELD,2010,80832755.4495375
CO,WELD,2011,100352255.8168125
CO,WELD,2012,106943355.25815
CO,WELD,2013,95199583.757925
CO,WELD,2014,87627625.4015625
CO,YUMA,2006,1403860.719
CO,YUMA,2007,1640625.1125
CO,YUMA,2008,1779536.85
CO,YUMA,2009,2103852.1875
CO,YUMA,2010,2114983.0875
CO,YUMA,2011,2159564.6175
CO,YUMA,2012,2340620.79045
CO,YUMA,2013,2725470.2365875
CO,YUMA,2014,2906670.03
NY,ALBANY,2006,37447688.935862504
NY,ALBANY,2007,43618015.7630375
NY,ALBANY,2008,51840542.79245
NY,ALBANY,2009,61450366.230450004
NY,ALBANY,2010,63505476.8065875
NY,ALBANY,2011,67018390.37295
NY,ALBANY,2012,69619161.9581625
NY,ALBANY,2013,70022839.763625
NY,ALBANY,2014,71001882.2368125
NY,ALLEGANY,2006,12597838.994
NY,ALLEGANY,2007,13196644.698
NY,ALLEGANY,2008,12944478.624
NY,ALLEGANY,2009,14017792.260675
NY,ALLEGANY,2010,15372869.940225
NY,ALLEGANY,2011,14832843.7884
NY,ALLEGANY,2012,14236335.9045375
NY,ALLEGANY,2013,12648443.9972625
NY,ALLEGANY,2014,13053882.7620375
NY,BRONX,2006,182567178.3558125
NY,BRONX,2007,226918788.3357125
NY,BRONX,2008,289424077.8580125
NY,BRONX,2009,306106924.098025
NY,BRONX,2010,371140372.886625
NY,BRONX,2011,396900282.8847
NY,BRONX,2012,434352487.3872345
NY,BRONX,2013,423623476.6629375
NY,BRONX,2014,405912762.4329375
NY,BROOME,2006,45725710.6845
NY,BROOME,2007,56107773.561000004
NY,BROOME,2008,62821736.866725
NY,BROOME,2009,74612914.02975
NY,BROOME,2010,78223633.7017875
NY,BROOME,2011,86375395.059525
NY,BROOME,2012,98809264.0995
NY,BROOME,2013,103553587.4326875
NY,BROOME,2014,99025911.057675
NY,CATTARAUGUS,2006,19354001.232
NY,CATTARAUGUS,2007,21378690.413
NY,CATTARAUGUS,2008,24603715.0455
NY,CATTARAUGUS,2009,26824407.330000002
NY,CATTARAUGUS,2010,29627883.09
NY,CATTARAUGUS,2011,29518381.77
NY,CATTARAUGUS,2012,29580527.5275
NY,CATTARAUGUS,2013,28368851.6625
NY,CATTARAUGUS,2014,28922294.52
NY,CAYUGA,2006,12972800.660500001
NY,CAYUGA,2007,15307201.240500001
NY,CAYUGA,2008,17051221.317
NY,CAYUGA,2009,18814981.5083625
NY,CAYUGA,2010,19148151.765
NY,CAYUGA,2011,20414867.01
NY,CAYUGA,2012,19589047.845225
NY,CAYUGA,2013,18897557.04
NY,CAYUGA,2014,19646623.92
NY,CHAUTAUQUA,2006,36511645.580037504
NY,CHAUTAUQUA,2007,39940378.5024
NY,CHAUTAUQUA,2008,44392664.7515875
NY,CHAUTAUQUA,2009,47855128.725225
NY,CHAUTAUQUA,2010,52050191.1
NY,CHAUTAUQUA,2011,53182321.597500004
NY,CHAUTAUQUA,2012,54563749.515675
NY,CHAUTAUQUA,2013,50119554.469312504
NY,CHAUTAUQUA,2014,51363386.3925
NY,CHEMUNG,2006,17347623.5115
NY,CHEMUNG,2007,19153043.2125
NY,CHEMUNG,2008,21032076.4749
NY,CHEMUNG,2009,25693118.1375
NY,CHEMUNG,2010,27957982.7025
NY,CHEMUNG,2011,31570859.4647625
NY,CHEMUNG,2012,37811703.3158625
NY,CHEMUNG,2013,40889939.5424625
NY,CHEMUNG,2014,45183340.6486125
NY,CHENANGO,2006,10040403.8475
NY,CHENANGO,2007,12127915.7798625
NY,CHENANGO,2008,13523955.057
NY,CHENANGO,2009,14471964.0340875
NY,CHENANGO,2010,12999100.6924875
NY,CHENANGO,2011,11999489.67885
NY,CHENANGO,2012,12027387.2613375
NY,CHENANGO,2013,12573829.502475
NY,CHENANGO,2014,13042451.777475
NY,CLINTON,2006,20738964.253
NY,CLINTON,2007,22420305.9398625
NY,CLINTON,2008,24129488.3235
NY,CLINTON,2009,27004357.207725
NY,CLINTON,2010,30808640.8275
NY,CLINTON,2011,30476028.315
NY,CLINTON,2012,31359920.005875
NY,CLINTON,2013,31234859.563162502
NY,CLINTON,2014,30559342.8740625
NY,COLUMBIA,2006,12952343.8035
NY,COLUMBIA,2007,14379079.4585
NY,COLUMBIA,2008,16237483.8715
NY,COLUMBIA,2009,19401081.4509
NY,COLUMBIA,2010,22573368.4693125
NY,COLUMBIA,2011,24106054.0425
NY,COLUMBIA,2012,24225195.435225
NY,COLUMBIA,2013,22646796.3190875
NY,COLUMBIA,2014,22524867.382725
NY,CORTLAND,2006,12119428.4168625
NY,CORTLAND,2007,13069962.42
NY,CORTLAND,2008,15472508.856
NY,CORTLAND,2009,17047353.675
NY,CORTLAND,2010,17913896.175
NY,CORTLAND,2011,17626806.330675
NY,CORTLAND,2012,17872816.2263625
NY,CORTLAND,2013,16581195.0225
NY,CORTLAND,2014,16413649.6275
NY,DELAWARE,2006,11228819.733000001
NY,DELAWARE,2007,13092583.951000001
NY,DELAWARE,2008,13349562.101
NY,DELAWARE,2009,14433704.7638625
NY,DELAWARE,2010,15796276.8825
NY,DELAWARE,2011,16787918.388
NY,DELAWARE,2012,17471630.775225
NY,DELAWARE,2013,16678279.1138625
NY,DELAWARE,2014,17703357.3338625
NY,DUTCHESS,2006,59806007.9802625
NY,DUTCHESS,2007,73614764.4719875
NY,DUTCHESS,2008,83128576.0669125
NY,DUTCHESS,2009,95471765.3912625
NY,DUTCHESS,2010,108380099.6365125
NY,DUTCHESS,2011,119138693.136525
NY,DUTCHESS,2012,132372967.748325
NY,DUTCHESS,2013,122076147.369975
NY,DUTCHESS,2014,115082029.5314625
NY,ERIE,2006,284817070.1158375
NY,ERIE,2007,321181403.355925
NY,ERIE,2008,351863706.49660003
NY,ERIE,2009,378776258.0206125
NY,ERIE,2010,399396219.03585
NY,ERIE,2011,383359061.767875
NY,ERIE,2012,378582740.995575
NY,ERIE,2013,361313684.08335
NY,ERIE,2014,369439448.479725
NY,ESSEX,2006,5402440.6545
NY,ESSEX,2007,5394789.102
NY,ESSEX,2008,6168865.5795
NY,ESSEX,2009,7456862.2472250005
NY,ESSEX,2010,8522071.4678625
NY,ESSEX,2011,9015972.7630875
NY,ESSEX,2012,9576312.230362501
NY,ESSEX,2013,9831349.0763625
NY,ESSEX,2014,11202951.7613625
NY,FRANKLIN,2006,10882899.0790875
NY,FRANKLIN,2007,12330228.6578625
NY,FRANKLIN,2008,12280231.9755
NY,FRANKLIN,2009,13647052.9538625
NY,FRANKLIN,2010,14502984.795
NY,FRANKLIN,2011,14757689.5875
NY,FRANKLIN,2012,14435312.3775
NY,FRANKLIN,2013,14505652.395
NY,FRANKLIN,2014,15561423.315
NY,FULTON,2006,7227676.7805
NY,FULTON,2007,8419302.9975
NY,FULTON,2008,9522105.6795
NY,FULTON,2009,11009912.8425
NY,FULTON,2010,11994550.005
NY,FULTON,2011,13154249.34
NY,FULTON,2012,12283529.5013625
NY,FULTON,2013,11845308.27
NY,FULTON,2014,11751300.24
NY,GENESEE,2006,13939044.219
NY,GENESEE,2007,16705503.522
NY,GENESEE,2008,21053398.878000002
NY,GENESEE,2009,25011969.0790875
NY,GENESEE,2010,26634222.712725
NY,GENESEE,2011,22117002.3863625
NY,GENESEE,2012,21243224.25
NY,GENESEE,2013,19592021.5238625
NY,GENESEE,2014,18178839.09
NY,GREENE,2006,14443023.5255
NY,GREENE,2007,17425733.853
NY,GREENE,2008,19596848.05395
NY,GREENE,2009,22126568.09295
NY,GREENE,2010,23061389.205000002
NY,GREENE,2011,24331445.250225
NY,GREENE,2012,24655409.5399875
NY,GREENE,2013,26531772.3788625
NY,GREENE,2014,27031031.0215875
NY,HAMILTON,2006,4389.150000000001
NY,HAMILTON,2007,6659.4
NY,HAMILTON,2008,9081.0
NY,HAMILTON,2009,2118.9
NY,HAMILTON,2010,12713.4
NY,HAMILTON,2011,4540.5
NY,HAMILTON,2012,2724.3000000000006
NY,HAMILTON,2013,2724.3000000000006
NY,HAMILTON,2014,908.1000000000004
NY,HERKIMER,2006,11864556.527
NY,HERKIMER,2007,15076370.18
NY,HERKIMER,2008,17194343.435
NY,HERKIMER,2009,19215173.74545
NY,HERKIMER,2010,20408809.507725
NY,HERKIMER,2011,20036996.43795
NY,HERKIMER,2012,19418107.4184
NY,HERKIMER,2013,17491551.3375
NY,HERKIMER,2014,15714592.1775
NY,JEFFERSON,2006,15602762.6315
NY,JEFFERSON,2007,16696126.1158625
NY,JEFFERSON,2008,19214484.6358625
NY,JEFFERSON,2009,23620412.107725002
NY,JEFFERSON,2010,24651453.330675002
NY,JEFFERSON,2011,27051826.7665875
NY,JEFFERSON,2012,27853772.7863625
NY,JEFFERSON,2013,28334163.8140875
NY,JEFFERSON,2014,28620402.0338625
NY,KINGS,2006,214266584.15518752
NY,KINGS,2007,249242263.2552875
NY,KINGS,2008,314880420.5370125
NY,KINGS,2009,399429507.5264875
NY,KINGS,2010,467939096.1716625
NY,KINGS,2011,532151091.182925
NY,KINGS,2012,519432643.7001
NY,KINGS,2013,484752354.7060125
NY,KINGS,2014,468431057.560125
NY,LEWIS,2006,3662682.15
NY,LEWIS,2007,3651185.0063625
NY,LEWIS,2008,4772660.9625
NY,LEWIS,2009,4912466.55
NY,LEWIS,2010,5076157.1625
NY,LEWIS,2011,5096218.725
NY,LEWIS,2012,5287351.4775
NY,LEWIS,2013,4374998.6288625
NY,LEWIS,2014,5169003.0375
NY,LIVINGSTON,2006,10000959.0075
NY,LIVINGSTON,2007,11397220.7775
NY,LIVINGSTON,2008,13897364.8733625
NY,LIVINGSTON,2009,14603722.2038625
NY,LIVINGSTON,2010,15625633.849087501
NY,LIVINGSTON,2011,16941383.64045
NY,LIVINGSTON,2012,15194498.445675
NY,LIVINGSTON,2013,13942462.2788625
NY,LIVINGSTON,2014,15104554.005675001
NY,MADISON,2006,14683128.355
NY,MADISON,2007,15856536.812
NY,MADISON,2008,15791714.752500001
NY,MADISON,2009,18101011.2415875
NY,MADISON,2010,19095090.980662502
NY,MADISON,2011,20726989.831575
NY,MADISON,2012,22070388.991575
NY,MADISON,2013,22024131.9093
NY,MADISON,2014,21749717.3754375
NY,MONROE,2006,186276822.724125
NY,MONROE,2007,198134852.59448752
NY,MONROE,2008,213382187.7254375
NY,MONROE,2009,237986066.5211625
NY,MONROE,2010,252496238.6622375
NY,MONROE,2011,234919245.086175
NY,MONROE,2012,235400538.7002375
NY,MONROE,2013,223345843.3495875
NY,MONROE,2014,219820404.29778752
NY,MONTGOMERY,2006,7908883.5935
NY,MONTGOMERY,2007,8870326.3215
NY,MONTGOMERY,2008,9757779.5995875
NY,MONTGOMERY,2009,11498858.9893125
NY,MONTGOMERY,2010,14631922.69545
NY,MONTGOMERY,2011,17871942.7245375
NY,MONTGOMERY,2012,18578731.2984
NY,MONTGOMERY,2013,18506025.991125
NY,MONTGOMERY,2014,16894477.733400002
NY,NASSAU,2006,299267318.3035625
NY,NASSAU,2007,351379060.279775
NY,NASSAU,2008,415435556.5594625
NY,NASSAU,2009,506106575.5790875
NY,NASSAU,2010,597707783.44675
NY,NASSAU,2011,648077735.0370375
NY,NASSAU,2012,574279210.2528375
NY,NASSAU,2013,530523704.1954375
NY,NASSAU,2014,515629233.13575
NY,NEW YORK,2006,327401939.415025
NY,NEW YORK,2007,387576565.5843875
NY,NEW YORK,2008,420814663.494175
NY,NEW YORK,2009,521433429.873425
NY,NEW YORK,2010,583358845.9042375
NY,NEW YORK,2011,621412227.978675
NY,NEW YORK,2012,620904110.4404625
NY,NEW YORK,2013,547878797.5668375
NY,NEW YORK,2014,526181159.70213753
NY,NIAGARA,2006,70731193.097
NY,NIAGARA,2007,79851295.5212125
NY,NIAGARA,2008,89559252.7916625
NY,NIAGARA,2009,98092162.2243
NY,NIAGARA,2010,105316553.499525
NY,NIAGARA,2011,90615765.8220375
NY,NIAGARA,2012,91063480.9088625
NY,NIAGARA,2013,88864149.2963625
NY,NIAGARA,2014,87995356.320225
NY,ONEIDA,2006,49455082.832075
NY,ONEIDA,2007,56540716.681150004
NY,ONEIDA,2008,63196797.3198125
NY,ONEIDA,2009,69237810.4395
NY,ONEIDA,2010,76071425.5722375
NY,ONEIDA,2011,74439253.45065
NY,ONEIDA,2012,73358581.5372375
NY,ONEIDA,2013,72414579.7779375
NY,ONEIDA,2014,70855491.6429375
NY,ONONDAGA,2006,104306930.3345875
NY,ONONDAGA,2007,118301881.676525
NY,ONONDAGA,2008,129283517.65065001
NY,ONONDAGA,2009,143644553.1379125
NY,ONONDAGA,2010,157838313.401775
NY,ONONDAGA,2011,168184499.96336251
NY,ONONDAGA,2012,171674437.7537625
NY,ONONDAGA,2013,162954308.4642375
NY,ONONDAGA,2014,153510659.007225
NY,ONTARIO,2006,23791823.8164375
NY,ONTARIO,2007,25871727.226012502
NY,ONTARIO,2008,29087749.5372375
NY,ONTARIO,2009,31020331.3161
NY,ONTARIO,2010,31071554.6886
NY,ONTARIO,2011,30641793.0552
NY,ONTARIO,2012,26851496.8265625
NY,ONTARIO,2013,25650235.8733875
NY,ONTARIO,2014,26708405.9343
NY,ORANGE,2006,86786284.7126125
NY,ORANGE,2007,103455209.662
NY,ORANGE,2008,118401937.05915
NY,ORANGE,2009,134678046.34995002
NY,ORANGE,2010,149415267.06975
NY,ORANGE,2011,165320285.1427125
NY,ORANGE,2012,175010548.9053
NY,ORANGE,2013,161081019.902025
NY,ORANGE,2014,179823835.065675
NY,ORLEANS,2006,9680482.199000001
NY,ORLEANS,2007,11513053.1475
NY,ORLEANS,2008,11184124.905000001
NY,ORLEANS,2009,11528975.5425
NY,ORLEANS,2010,12694917.1125
NY,ORLEANS,2011,12383178.307500001
NY,ORLEANS,2012,12696620.4188625
NY,ORLEANS,2013,11439773.76
NY,ORLEANS,2014,11340217.2975
NY,OSWEGO,2006,23529956.121
NY,OSWEGO,2007,29143234.7415
NY,OSWEGO,2008,32237328.0349875
NY,OSWEGO,2009,36660231.78225
NY,OSWEGO,2010,40898195.0752125
NY,OSWEGO,2011,42372105.3963375
NY,OSWEGO,2012,46231243.3858875
NY,OSWEGO,2013,44453240.3908875
NY,OSWEGO,2014,40958550.8458875
NY,OTSEGO,2006,15822549.624225
NY,OTSEGO,2007,18043897.087500002
NY,OTSEGO,2008,19373723.157587502
NY,OTSEGO,2009,21243205.8120375
NY,OTSEGO,2010,24011290.7083875
NY,OTSEGO,2011,25922950.665225
NY,OTSEGO,2012,26890180.1156625
NY,OTSEGO,2013,25228070.2931625
NY,OTSEGO,2014,27425925.7390875
NY,PUTNAM,2006,17220476.1989875
NY,PUTNAM,2007,20077402.644525
NY,PUTNAM,2008,21328058.1699
NY,PUTNAM,2009,21076020.758625
NY,PUTNAM,2010,23641999.651575
NY,PUTNAM,2011,26731181.460225
NY,PUTNAM,2012,30272512.548862502
NY,PUTNAM,2013,28812327.78
NY,PUTNAM,2014,27971435.7825
NY,QUEENS,2006,162577263.2827875
NY,QUEENS,2007,197573514.0452
NY,QUEENS,2008,227111150.2892625
NY,QUEENS,2009,284885376.5506125
NY,QUEENS,2010,373443675.26016253
NY,QUEENS,2011,454201089.70170003
NY,QUEENS,2012,478503883.257
NY,QUEENS,2013,442958316.691125
NY,QUEENS,2014,417057624.22875
NY,RENSSELAER,2006,19763423.9139
NY,RENSSELAER,2007,24157213.8945125
NY,RENSSELAER,2008,29116501.964625
NY,RENSSELAER,2009,32348487.309075
NY,RENSSELAER,2010,33883917.855000004
NY,RENSSELAER,2011,37313407.0765875
NY,RENSSELAER,2012,38056205.9293125
NY,RENSSELAER,2013,39677780.4790875
NY,RENSSELAER,2014,39629497.515225
NY,RICHMOND,2006,142375433.7145375
NY,RICHMOND,2007,203003199.83715
NY,RICHMOND,2008,275110018.663875
NY,RICHMOND,2009,300323266.40605
NY,RICHMOND,2010,332223228.923125
NY,RICHMOND,2011,313168339.1924625
NY,RICHMOND,2012,293572239.09495
NY,RICHMOND,2013,212764869.30885
NY,RICHMOND,2014,216181943.55645
NY,ROCKLAND,2006,52485499.968
NY,ROCKLAND,2007,63648936.9632625
NY,ROCKLAND,2008,73639230.2010625
NY,ROCKLAND,2009,87329621.699025
NY,ROCKLAND,2010,99821268.865875
NY,ROCKLAND,2011,107664459.4720125
NY,ROCKLAND,2012,110762791.152
NY,ROCKLAND,2013,103290775.8010875
NY,ROCKLAND,2014,90681312.5043
NY,SAINT LAWRENCE,2006,21864805.4865
NY,SAINT LAWRENCE,2007,23059359.6465
NY,SAINT LAWRENCE,2008,24148798.2855
NY,SAINT LAWRENCE,2009,27409779.4875
NY,SAINT LAWRENCE,2010,28943614.1590875
NY,SAINT LAWRENCE,2011,30189906.95295
NY,SAINT LAWRENCE,2012,29925485.7788625
NY,SAINT LAWRENCE,2013,30697363.0575
NY,SAINT LAWRENCE,2014,30624396.1988625
NY,SARATOGA,2006,29540916.659225002
NY,SARATOGA,2007,34318131.477
NY,SARATOGA,2008,37861013.5983625
NY,SARATOGA,2009,41405104.0968
NY,SARATOGA,2010,45934995.8156625
NY,SARATOGA,2011,52978607.9670375
NY,SARATOGA,2012,54384630.4161
NY,SARATOGA,2013,55459625.4822375
NY,SARATOGA,2014,54556765.3351875
NY,SCHENECTADY,2006,18534581.822075002
NY,SCHENECTADY,2007,20624888.0744875
NY,SCHENECTADY,2008,23843660.3327125
NY,SCHENECTADY,2009,25826189.14155
NY,SCHENECTADY,2010,29168998.5993
NY,SCHENECTADY,2011,32554463.50725
NY,SCHENECTADY,2012,35454281.927025
NY,SCHENECTADY,2013,34023173.2584
NY,SCHENECTADY,2014,33195508.2265875
NY,SCHOHARIE,2006,7632828.126
NY,SCHOHARIE,2007,8709831.081
NY,SCHOHARIE,2008,9362646.5775
NY,SCHOHARIE,2009,9476079.6713625
NY,SCHOHARIE,2010,10435403.4975
NY,SCHOHARIE,2011,10249975.65
NY,SCHOHARIE,2012,10508110.5338625
NY,SCHOHARIE,2013,11243836.6125
NY,SCHOHARIE,2014,10551311.16
NY,SCHUYLER,2006,4827570.207
NY,SCHUYLER,2007,4811876.046
NY,SCHUYLER,2008,5301982.902
NY,SCHUYLER,2009,5785341.9375
NY,SCHUYLER,2010,5819176.425
NY,SCHUYLER,2011,5587908.382725
NY,SCHUYLER,2012,6236103.4125
NY,SCHUYLER,2013,5518434.6038625
NY,SCHUYLER,2014,7325693.235
NY,SENECA,2006,6401799.6255375
NY,SENECA,2007,6367070.3100000005
NY,SENECA,2008,6590521.710675
NY,SENECA,2009,6648594.682725
NY,SENECA,2010,6940102.1025
NY,SENECA,2011,8111680.0275
NY,SENECA,2012,7920347.4225
NY,SENECA,2013,8173037.8875
NY,SENECA,2014,9539954.178862501
NY,STEUBEN,2006,19025861.2135
NY,STEUBEN,2007,19325536.8255
NY,STEUBEN,2008,21077142.708
NY,STEUBEN,2009,23800624.355437502
NY,STEUBEN,2010,23689297.182037503
NY,STEUBEN,2011,26213631.6506625
NY,STEUBEN,2012,28867428.3156375
NY,STEUBEN,2013,28572184.561125
NY,STEUBEN,2014,30662051.678625
NY,SUFFOLK,2006,397852854.7630125
NY,SUFFOLK,2007,466149975.77372503
NY,SUFFOLK,2008,506567948.289375
NY,SUFFOLK,2009,596364669.2141
NY,SUFFOLK,2010,686820076.7959125
NY,SUFFOLK,2011,767117238.7081125
NY,SUFFOLK,2012,676708808.7207375
NY,SUFFOLK,2013,625433764.0252125
NY,SUFFOLK,2014,584924666.9327625
NY,SULLIVAN,2006,31767662.986525
NY,SULLIVAN,2007,34847619.3982125
NY,SULLIVAN,2008,37572580.9340625
NY,SULLIVAN,2009,39481460.202675
NY,SULLIVAN,2010,49917388.3002
NY,SULLIVAN,2011,57966783.9543
NY,SULLIVAN,2012,61686101.1072375
NY,SULLIVAN,2013,60013288.878375
NY,SULLIVAN,2014,66700926.2229375
NY,TIOGA,2006,7806294.012
NY,TIOGA,2007,9337249.434675
NY,TIOGA,2008,11422312.08
NY,TIOGA,2009,12972864.9675
NY,TIOGA,2010,14105420.64
NY,TIOGA,2011,13938511.62
NY,TIOGA,2012,15231952.9275
NY,TIOGA,2013,15132607.65
NY,TIOGA,2014,17318484.5475
NY,TOMPKINS,2006,21545851.3305
NY,TOMPKINS,2007,23837593.868
NY,TOMPKINS,2008,28436009.4503625
NY,TOMPKINS,2009,32607905.71545
NY,TOMPKINS,2010,33413637.5888625
NY,TOMPKINS,2011,32261965.9465875
NY,TOMPKINS,2012,34505296.598175004
NY,TOMPKINS,2013,35897364.7695375
NY,TOMPKINS,2014,35931910.5309
NY,ULSTER,2006,45110119.05675
NY,ULSTER,2007,50215228.65725
NY,ULSTER,2008,54624170.5558875
NY,ULSTER,2009,63564142.018125
NY,ULSTER,2010,72286111.0565625
NY,ULSTER,2011,82434987.9451125
NY,ULSTER,2012,84031841.5944
NY,ULSTER,2013,82919024.8053
NY,ULSTER,2014,86123436.6669375
NY,WARREN,2006,15631934.9726125
NY,WARREN,2007,18505841.746725
NY,WARREN,2008,20328453.9878625
NY,WARREN,2009,23354725.0588125
NY,WARREN,2010,28983431.614725
NY,WARREN,2011,36217236.0460875
NY,WARREN,2012,35986822.2908625
NY,WARREN,2013,38682021.780675
NY,WARREN,2014,36443553.390675
NY,WASHINGTON,2006,10893303.372
NY,WASHINGTON,2007,12130468.853
NY,WASHINGTON,2008,14371533.7493625
NY,WASHINGTON,2009,14315917.31295
NY,WASHINGTON,2010,17414744.633175
NY,WASHINGTON,2011,19819506.319762502
NY,WASHINGTON,2012,20552291.64
NY,WASHINGTON,2013,20705090.9138625
NY,WASHINGTON,2014,20160297.6075
NY,WAYNE,2006,17154112.17
NY,WAYNE,2007,19060506.5260375
NY,WAYNE,2008,22868407.6279875
NY,WAYNE,2009,24760483.38795
NY,WAYNE,2010,25492534.6840875
NY,WAYNE,2011,25147134.571575
NY,WAYNE,2012,25799144.1645375
NY,WAYNE,2013,24536259.96795
NY,WAYNE,2014,25633068.232950002
NY,WESTCHESTER,2006,129036777.8358875
NY,WESTCHESTER,2007,151093103.8965125
NY,WESTCHESTER,2008,167668332.1919
NY,WESTCHESTER,2009,194680248.3981
NY,WESTCHESTER,2010,217216245.2507375
NY,WESTCHESTER,2011,236262057.1603125
NY,WESTCHESTER,2012,242171278.4999775
NY,WESTCHESTER,2013,219728722.6766625
NY,WESTCHESTER,2014,209016408.8246625
NY,WYOMING,2006,9652063.845
NY,WYOMING,2007,9497559.450000001
NY,WYOMING,2008,10147325.67
NY,WYOMING,2009,11161795.0275
NY,WYOMING,2010,10696613.76
NY,WYOMING,2011,10140222.2963625
NY,WYOMING,2012,10944915.7425
NY,WYOMING,2013,9774062.0213625
NY,WYOMING,2014,8762611.477500001
NY,YATES,2006,3788894.0595
NY,YATES,2007,3928897.5495
NY,YATES,2008,4433380.815
NY,YATES,2009,5040750.975000001
NY,YATES,2010,4789097.2125
NY,YATES,2011,4426467.8100000005
NY,YATES,2012,4943119.62
NY,YATES,2013,4098496.17
NY,YATES,2014,4267126.1325
WA,ADAMS,2006,2424598.848
WA,ADAMS,2007,2891419.8375
WA,ADAMS,2008,3410410.0875
WA,ADAMS,2009,3836773.95
WA,ADAMS,2010,4258329.037500001
WA,ADAMS,2011,4655499.1875
WA,ADAMS,2012,4531606.5975
WA,ADAMS,2013,4493743.65
WA,ADAMS,2014,4429483.95
WA,ASOTIN,2006,8202401.307
WA,ASOTIN,2007,7686124.8
WA,ASOTIN,2008,7928064.142725
WA,ASOTIN,2009,9136063.605
WA,ASOTIN,2010,13635555.4838625
WA,ASOTIN,2011,15274972.71
WA,ASOTIN,2012,15922687.5225
WA,ASOTIN,2013,17184793.7665875
WA,ASOTIN,2014,16922194.1475
WA,BENTON,2006,47357689.661
WA,BENTON,2007,46260114.7958125
WA,BENTON,2008,51265192.5244375
WA,BENTON,2009,56739019.4124
WA,BENTON,2010,63982021.538625
WA,BENTON,2011,69095600.7727125
WA,BENTON,2012,73905657.59295
WA,BENTON,2013,77473799.197725
WA,BENTON,2014,84730105.87522501
WA,CHELAN,2006,23476266.2596125
WA,CHELAN,2007,25575991.378725
WA,CHELAN,2008,25442207.4203625
WA,CHELAN,2009,24818139.4659
WA,CHELAN,2010,24501495.2245125
WA,CHELAN,2011,23054522.497725
WA,CHELAN,2012,22610926.0093125
WA,CHELAN,2013,23029049.7863625
WA,CHELAN,2014,25205494.0238625
WA,CLALLAM,2006,38022444.3064875
WA,CLALLAM,2007,45330893.2012875
WA,CLALLAM,2008,48294070.592925
WA,CLALLAM,2009,52228389.90225
WA,CLALLAM,2010,56952485.8022625
WA,CLALLAM,2011,55333861.81725
WA,CLALLAM,2012,51905335.632225
WA,CLALLAM,2013,50618579.441775
WA,CLALLAM,2014,50153420.92815
WA,CLARK,2006,118467976.730875
WA,CLARK,2007,179088580.63395
WA,CLARK,2008,288267955.215975
WA,CLARK,2009,196003658.9167875
WA,CLARK,2010,178062059.8665375
WA,CLARK,2011,167983965.3093375
WA,CLARK,2012,155831254.2635625
WA,CLARK,2013,154461781.977225
WA,CLARK,2014,159681454.002225
WA,COLUMBIA,2006,1003049.7135000001
WA,COLUMBIA,2007,1085004.9
WA,COLUMBIA,2008,786315.8625
WA,COLUMBIA,2009,761058.525
WA,COLUMBIA,2010,1049822.025
WA,COLUMBIA,2011,1175582.5875000001
WA,COLUMBIA,2012,1357933.6875
WA,COLUMBIA,2013,1489731.3375
WA,COLUMBIA,2014,1360134.5475
WA,COWLITZ,2006,49594881.303225
WA,COWLITZ,2007,59698839.9559875
WA,COWLITZ,2008,68422256.0882125
WA,COWLITZ,2009,65412242.843625
WA,COWLITZ,2010,64568999.8770375
WA,COWLITZ,2011,61017265.7981625
WA,COWLITZ,2012,60178879.234725
WA,COWLITZ,2013,61472943.010875
WA,COWLITZ,2014,63159110.4365625
WA,DOUGLAS,2006,7521936.961725
WA,DOUGLAS,2007,7928564.3857125
WA,DOUGLAS,2008,8470734.5713875
WA,DOUGLAS,2009,9158175.6436125
WA,DOUGLAS,2010,9788496.6811125
WA,DOUGLAS,2011,9181113.766575
WA,DOUGLAS,2012,9132355.477500001
WA,DOUGLAS,2013,9125214.075
WA,DOUGLAS,2014,9225473.25
WA,FERRY,2006,1518199.9725
WA,FERRY,2007,1986344.712
WA,FERRY,2008,2288684.55
WA,FERRY,2009,2213082.9413625
WA,FERRY,2010,2345338.35
WA,FERRY,2011,2603529.975
WA,FERRY,2012,2851485.0
WA,FERRY,2013,2776689.8625
WA,FERRY,2014,2556755.265
WA,FRANKLIN,2006,12031287.516225
WA,FRANKLIN,2007,12276141.5955
WA,FRANKLIN,2008,12449338.1188625
WA,FRANKLIN,2009,14234296.5
WA,FRANKLIN,2010,14792459.865
WA,FRANKLIN,2011,16504526.883862501
WA,FRANKLIN,2012,19072055.182725
WA,FRANKLIN,2013,20929136.5125
WA,FRANKLIN,2014,24426061.4925
WA,GARFIELD,2006,778398.7875
WA,GARFIELD,2007,1074698.0625
WA,GARFIELD,2008,1011766.5
WA,GARFIELD,2009,826459.05
WA,GARFIELD,2010,786099.825
WA,GARFIELD,2011,880984.125
WA,GARFIELD,2012,872555.3925
WA,GARFIELD,2013,993376.635
WA,GARFIELD,2014,1075578.6075
WA,GRANT,2006,38142715.6073625
WA,GRANT,2007,41822717.407725
WA,GRANT,2008,38262883.92795
WA,GRANT,2009,41785210.92795
WA,GRANT,2010,38636886.4463625
WA,GRANT,2011,38408360.122725
WA,GRANT,2012,36994979.4204375
WA,GRANT,2013,34636196.3343
WA,GRANT,2014,32847043.6556625
WA,GRAYS HARBOR,2006,31005308.143725
WA,GRAYS HARBOR,2007,35732065.9474125
WA,GRAYS HARBOR,2008,42239833.167225
WA,GRAYS HARBOR,2009,37392379.3699875
WA,GRAYS HARBOR,2010,36139545.832725
WA,GRAYS HARBOR,2011,37477071.5447625
WA,GRAYS HARBOR,2012,37741891.4893125
WA,GRAYS HARBOR,2013,40308961.583625
WA,GRAYS HARBOR,2014,43356853.673175
WA,ISLAND,2006,18187129.7060375
WA,ISLAND,2007,18127659.54485
WA,ISLAND,2008,17553634.3180875
WA,ISLAND,2009,16537355.7938625
WA,ISLAND,2010,17639589.165
WA,ISLAND,2011,17537616.5888625
WA,ISLAND,2012,17654680.6040625
WA,ISLAND,2013,18121214.17635
WA,ISLAND,2014,19055567.1718125
WA,JEFFERSON,2006,3589464.4635
WA,JEFFERSON,2007,4667226.5985
WA,JEFFERSON,2008,5655645.465
WA,JEFFERSON,2009,6154809.75
WA,JEFFERSON,2010,6794232.48
WA,JEFFERSON,2011,7374590.8165875
WA,JEFFERSON,2012,8252576.85885
WA,JEFFERSON,2013,8658078.6415875
WA,JEFFERSON,2014,9531965.8088625
WA,KING,2006,543243209.017325
WA,KING,2007,567918765.4578125
WA,KING,2008,610069450.2158126
WA,KING,2009,627939381.9220124
WA,KING,2010,646956449.6017125
WA,KING,2011,640517662.3440375
WA,KING,2012,611352688.0936126
WA,KING,2013,588164193.4788
WA,KING,2014,592248175.8156
WA,KITSAP,2006,64937920.7352625
WA,KITSAP,2007,68981497.206975
WA,KITSAP,2008,76884701.01225
WA,KITSAP,2009,81171555.32655
WA,KITSAP,2010,88670300.4604125
WA,KITSAP,2011,88422142.834275
WA,KITSAP,2012,87058065.172425
WA,KITSAP,2013,79180756.5319875
WA,KITSAP,2014,76826219.08155
WA,KITTITAS,2006,9093796.4048625
WA,KITTITAS,2007,9211506.4425
WA,KITTITAS,2008,10141651.365
WA,KITTITAS,2009,9828329.0213625
WA,KITTITAS,2010,10529154.2475
WA,KITTITAS,2011,11841145.4438625
WA,KITTITAS,2012,11998769.4675
WA,KITTITAS,2013,12649938.585
WA,KITTITAS,2014,12933555.3413625
WA,KLICKITAT,2006,1997275.6695
WA,KLICKITAT,2007,2517741.4875
WA,KLICKITAT,2008,2560843.2188625
WA,KLICKITAT,2009,2843889.525
WA,KLICKITAT,2010,2624773.95
WA,KLICKITAT,2011,2797973.1375
WA,KLICKITAT,2012,3178606.215
WA,KLICKITAT,2013,3533738.0740875
WA,KLICKITAT,2014,3083829.2775
WA,LEWIS,2006,28295827.6162625
WA,LEWIS,2007,35427502.206375
WA,LEWIS,2008,41459458.326825
WA,LEWIS,2009,45848953.7512875
WA,LEWIS,2010,42866022.18225
WA,LEWIS,2011,40843268.2918125
WA,LEWIS,2012,39861923.9397
WA,LEWIS,2013,38477349.957
WA,LEWIS,2014,38848140.12975
WA,LINCOLN,2006,3231801.495225
WA,LINCOLN,2007,3954140.7675
WA,LINCOLN,2008,4197673.3913625
WA,LINCOLN,2009,4805908.1625
WA,LINCOLN,2010,4818079.5
WA,LINCOLN,2011,4413150.2625
WA,LINCOLN,2012,4614201.9375
WA,LINCOLN,2013,5131388.925
WA,LINCOLN,2014,5060025.99
WA,MASON,2006,12980432.2785
WA,MASON,2007,14779235.790000001
WA,MASON,2008,17268370.4265
WA,MASON,2009,19808055.7390875
WA,MASON,2010,22558235.2388625
WA,MASON,2011,24603788.362725
WA,MASON,2012,23564035.7672625
WA,MASON,2013,22267489.08135
WA,MASON,2014,21411378.33225
WA,OKANOGAN,2006,14189955.625500001
WA,OKANOGAN,2007,17305320.1155
WA,OKANOGAN,2008,19154814.945225
WA,OKANOGAN,2009,21779971.1184
WA,OKANOGAN,2010,24892731.8518125
WA,OKANOGAN,2011,21848150.5690875
WA,OKANOGAN,2012,17674612.9693125
WA,OKANOGAN,2013,13360120.002037501
WA,OKANOGAN,2014,13177892.903175
WA,PACIFIC,2006,9281652.2445
WA,PACIFIC,2007,10519284.0870375
WA,PACIFIC,2008,12231422.1356625
WA,PACIFIC,2009,16600360.9088625
WA,PACIFIC,2010,17796522.7875
WA,PACIFIC,2011,18355074.6713625
WA,PACIFIC,2012,16657715.4975
WA,PACIFIC,2013,16403985.0413625
WA,PACIFIC,2014,16506427.0575
WA,PEND OREILLE,2006,7940225.713500001
WA,PEND OREILLE,2007,9200555.025
WA,PEND OREILLE,2008,9542375.925
WA,PEND OREILLE,2009,9801218.7375
WA,PEND OREILLE,2010,9262608.8625
WA,PEND OREILLE,2011,8148004.8375
WA,PEND OREILLE,2012,7784505.0525
WA,PEND OREILLE,2013,8001651.3825
WA,PEND OREILLE,2014,7281379.8
WA,PIERCE,2006,222611054.6263625
WA,PIERCE,2007,260048243.458925
WA,PIERCE,2008,265018328.78615
WA,PIERCE,2009,274530858.8062875
WA,PIERCE,2010,277785725.9746875
WA,PIERCE,2011,271541927.5213125
WA,PIERCE,2012,254441255.5513125
WA,PIERCE,2013,247305736.5783
WA,PIERCE,2014,263442226.604925
WA,SAN JUAN,2006,2633223.5738625
WA,SAN JUAN,2007,3019123.629
WA,SAN JUAN,2008,3473493.6413625
WA,SAN JUAN,2009,4387542.9
WA,SAN JUAN,2010,4731105.5588625
WA,SAN JUAN,2011,5255909.8838625
WA,SAN JUAN,2012,4958942.11545
WA,SAN JUAN,2013,5017736.5495875
WA,SAN JUAN,2014,4095747.3040875
WA,SKAGIT,2006,34022111.9165875
WA,SKAGIT,2007,44947253.8832625
WA,SKAGIT,2008,42774851.2876125
WA,SKAGIT,2009,45629597.20815
WA,SKAGIT,2010,45562172.51295
WA,SKAGIT,2011,46909058.2463625
WA,SKAGIT,2012,45920521.3388625
WA,SKAGIT,2013,46743574.0997625
WA,SKAGIT,2014,49258789.8375
WA,SKAMANIA,2006,2229414.7875
WA,SKAMANIA,2007,2527186.125
WA,SKAMANIA,2008,2712424.1625
WA,SKAMANIA,2009,2969880.75
WA,SKAMANIA,2010,2999433.1125
WA,SKAMANIA,2011,2855337.0
WA,SKAMANIA,2012,3059767.575
WA,SKAMANIA,2013,3033151.9875
WA,SKAMANIA,2014,2970452.3625
WA,SNOHOMISH,2006,257298514.5212
WA,SNOHOMISH,2007,282215289.716625
WA,SNOHOMISH,2008,309673098.9654
WA,SNOHOMISH,2009,337409127.05385
WA,SNOHOMISH,2010,346468845.571425
WA,SNOHOMISH,2011,328305639.0303375
WA,SNOHOMISH,2012,330160289.777175
WA,SNOHOMISH,2013,327997961.3636625
WA,SNOHOMISH,2014,325495917.1171875
WA,SPOKANE,2006,192982355.3252125
WA,SPOKANE,2007,198805208.256125
WA,SPOKANE,2008,204660755.7555125
WA,SPOKANE,2009,208973504.3287875
WA,SPOKANE,2010,210604000.417875
WA,SPOKANE,2011,215240189.0265375
WA,SPOKANE,2012,214310485.161525
WA,SPOKANE,2013,210434478.8769375
WA,SPOKANE,2014,204065331.2465625
WA,STEVENS,2006,20319301.578
WA,STEVENS,2007,20813643.4559
WA,STEVENS,2008,23758950.15315
WA,STEVENS,2009,24517521.0952125
WA,STEVENS,2010,24319327.0923375
WA,STEVENS,2011,22840368.8833875
WA,STEVENS,2012,21694133.8990875
WA,STEVENS,2013,20462279.6663625
WA,STEVENS,2014,21357175.477725
WA,THURSTON,2006,59722735.198225
WA,THURSTON,2007,65461650.0415875
WA,THURSTON,2008,66451231.1082125
WA,THURSTON,2009,69016647.8158875
WA,THURSTON,2010,73980166.6434
WA,THURSTON,2011,76306606.0284
WA,THURSTON,2012,77028927.976575
WA,THURSTON,2013,79984999.4674875
WA,THURSTON,2014,78469520.48385
WA,WAHKIAKUM,2006,1004054.4375
WA,WAHKIAKUM,2007,1107905.5125
WA,WAHKIAKUM,2008,1000381.3125
WA,WAHKIAKUM,2009,890021.760675
WA,WAHKIAKUM,2010,810019.425
WA,WAHKIAKUM,2011,1064972.9625
WA,WAHKIAKUM,2012,1279147.05
WA,WAHKIAKUM,2013,1182912.9225
WA,WAHKIAKUM,2014,980341.3875
WA,WALLA WALLA,2006,16246619.2588125
WA,WALLA WALLA,2007,18407829.0225
WA,WALLA WALLA,2008,17937149.8088625
WA,WALLA WALLA,2009,18084690.5665875
WA,WALLA WALLA,2010,19730467.2225
WA,WALLA WALLA,2011,20742167.2538625
WA,WALLA WALLA,2012,21406199.27295
WA,WALLA WALLA,2013,22878727.395675
WA,WALLA WALLA,2014,24190273.178175
WA,WHATCOM,2006,42680811.705675
WA,WHATCOM,2007,48266708.984775
WA,WHATCOM,2008,50167591.726425
WA,WHATCOM,2009,50728804.2745125
WA,WHATCOM,2010,50394480.5756625
WA,WHATCOM,2011,48392960.1892875
WA,WHATCOM,2012,47331039.75405
WA,WHATCOM,2013,49051244.7533625
WA,WHATCOM,2014,51611925.2026875
WA,WHITMAN,2006,7321052.5285875
WA,WHITMAN,2007,8072747.032725
WA,WHITMAN,2008,7735818.5625
WA,WHITMAN,2009,8068959.345225
WA,WHITMAN,2010,8059799.460225
WA,WHITMAN,2011,9406485.3375
WA,WHITMAN,2012,10296140.321362501
WA,WHITMAN,2013,10340060.235
WA,WHITMAN,2014,9868778.6625
WA,YAKIMA,2006,44376884.395
WA,YAKIMA,2007,48714182.5223625
WA,YAKIMA,2008,52348507.057125
WA,YAKIMA,2009,61959784.165125
WA,YAKIMA,2010,67468869.2154375
WA,YAKIMA,2011,76007353.779075
WA,YAKIMA,2012,80232646.68135001
WA,YAKIMA,2013,83916307.808175
WA,YAKIMA,2014,91092505.3125
